Workbook

Sheet 📊 Входни данни
B2: КАЛКУЛАТОР ЗА СИМУЛАЦИЯ НА КРЕДИТ
B3: Финансиране на имотна инвестиция - България 2025-2026
B5: ОСНОВНИ ПАРАМЕТРИ
B7: Цена на имота (€) | C7: Целеви месечен наем (€) | D7: Месечни разходи (€)
B8: 80000 | C8: 500 | D8: 70
B11: Срок на кредита (години)
B12: 25
B15: ЕДНОКРАТНИ РАЗХОДИ
B16: Такси банка (€) | C16: Нотариус + ДПА (€) | D16: Застраховки (1 год, €) | E16: Буфер (€)
B17: 370 | C17: 2400 | D17: 300 | E17: 1000
B20: ПРЕДПОЛОЖЕНИЯ
B21: Годишен капиталов растеж (%)
B22: 0.05
B25: ВАРИАНТИ ФИНАНСИРАНЕ
B27: Вариант | C27: Самоучастие % | D27: Лихва % | E27: Описание
B28: Вариант 1 | C28: 0.15 | D28: 0.032 | E28: Агресивен - Минимално самоучастие
B29: Вариант 2 | C29: 0.2 | D29: 0.029 | E29: Балансиран - Стандартно
B30: Вариант 3 | C30: 0.25 | D30: 0.027 | E30: Консервативен - Препоръчително
B31: Вариант 4 | C31: 0.3 | D31: 0.025 | E31: Много консервативен - Най-ниска лихва

Sheet 📈 Сравнение
B2: СРАВНЕНИЕ НА ВАРИАНТИ
B5: Метрика | C5: Вариант 1 15% | D5: Вариант 2 20% | E5: Вариант 3 25% | F5: Вариант 4 30%
B6: ФИНАНСИРАНЕ
B7: Цена имот (€) | C7: ='📊 Входни данни'!B8 | D7: ='📊 Входни данни'!B8 | E7: ='📊 Входни данни'!B8 | F7: ='📊 Входни данни'!B8
B8: Самоучастие (€) | C8: ='📊 Входни данни'!B8*'📊 Входни данни'!C28 | D8: ='📊 Входни данни'!B8*'📊 Входни данни'!C29 | E8: ='📊 Входни данни'!B8*'📊 Входни данни'!C30 | F8: ='📊 Входни данни'!B8*'📊 Входни данни'!C31
B9: Кредит (€) | C9: ='📊 Входни данни'!B8-C8 | D9: ='📊 Входни данни'!B8-D8 | E9: ='📊 Входни данни'!B8-E8 | F9: ='📊 Входни данни'!B8-F8
B10: Лихва (%) | C10: ='📊 Входни данни'!D28 | D10: ='📊 Входни данни'!D29 | E10: ='📊 Входни данни'!D30 | F10: ='📊 Входни данни'!D31
B12: ПЪРВОНАЧАЛНИ РАЗХОДИ
B13: Самоучастие | C13: =C8 | D13: =D8 | E13: =E8 | F13: =F8
B14: Такси банка | C14: ='📊 Входни данни'!B17 | D14: ='📊 Входни данни'!B17 | E14: ='📊 Входни данни'!B17 | F14: ='📊 Входни данни'!B17
B15: Нотариус + ДПА | C15: ='📊 Входни данни'!C17 | D15: ='📊 Входни данни'!C17 | E15: ='📊 Входни данни'!C17 | F15: ='📊 Входни данни'!C17
B16: Застраховки | C16: ='📊 Входни данни'!D17 | D16: ='📊 Входни данни'!D17 | E16: ='📊 Входни данни'!D17 | F16: ='📊 Входни данни'!D17
B17: Буфер | C17: ='📊 Входни данни'!E17 | D17: ='📊 Входни данни'!E17 | E17: ='📊 Входни данни'!E17 | F17: ='📊 Входни данни'!E17
B18: ОБЩО НЕОБХОДИМО (€) | C18: =SUM(C13:C17) | D18: =SUM(D13:D17) | E18: =SUM(E13:E17) | F18: =SUM(F13:F17)
B20: МЕСЕЧНИ ПЛАЩАНИЯ
B21: Месечна вноска (€) | C21: =-PMT(C10/12,'📊 Входни данни'!B12*12,C9) | D21: =-PMT(D10/12,'📊 Входни данни'!B12*12,D9) | E21: =-PMT(E10/12,'📊 Входни данни'!B12*12,E9) | F21: =-PMT(F10/12,'📊 Входни данни'!B12*12,F9)
B22: Наем (€) | C22: ='📊 Входни данни'!C8 | D22: ='📊 Входни данни'!C8 | E22: ='📊 Входни данни'!C8 | F22: ='📊 Входни данни'!C8
B23: Разходи (€) | C23: ='📊 Входни данни'!D8 | D23: ='📊 Входни данни'!D8 | E23: ='📊 Входни данни'!D8 | F23: ='📊 Входни данни'!D8
B24: Паричен поток (€/мес) | C24: =C22-C21-C23 | D24: =D22-D21-D23 | E24: =E22-E21-E23 | F24: =F22-F21-F23
B26: ГОДИШЕН АНАЛИЗ
B27: Паричен поток годишен (€) | C27: =C24*12 | D27: =D24*12 | E27: =E24*12 | F27: =F24*12
B28: Изплатена главница год 1 (€) | C28: =-PPMT(C10/12,6,'📊 Входни данни'!B12*12,C9)*12 | D28: =-PPMT(D10/12,6,'📊 Входни данни'!B12*12,D9)*12 | E28: =-PPMT(E10/12,6,'📊 Входни данни'!B12*12,E9)*12 | F28: =-PPMT(F10/12,6,'📊 Входни данни'!B12*12,F9)*12
B29: Капиталов растеж (€) | C29: ='📊 Входни данни'!B8*'📊 Входни данни'!B22 | D29: ='📊 Входни данни'!B8*'📊 Входни данни'!B22 | E29: ='📊 Входни данни'!B8*'📊 Входни данни'!B22 | F29: ='📊 Входни данни'!B8*'📊 Входни данни'!B22
B30: ОБЩА ПЕЧАЛБА ГОД 1 (€) | C30: =SUM(C27:C29) | D30: =SUM(D27:D29) | E30: =SUM(E27:E29) | F30: =SUM(F27:F29)
B32: ROI ГОДИНА 1 (%) | C32: =C30/C18 | D32: =D30/D18 | E32: =E30/E18 | F32: =F30/F18
B34: 5 ГОДИНИ
B35: Паричен поток 5 год (€) | C35: =C24*60 | D35: =D24*60 | E35: =E24*60 | F35: =F24*60
B36: Изплатена главница 5 год (€) | C36: =C28*5*1.15 | D36: =D28*5*1.15 | E36: =E28*5*1.15 | F36: =F28*5*1.15
B37: Капиталов растеж 5 год (€) | C37: ='📊 Входни данни'!B8*((1+'📊 Входни данни'!B22)^5-1) | D37: ='📊 Входни данни'!B8*((1+'📊 Входни данни'!B22)^5-1) | E37: ='📊 Входни данни'!B8*((1+'📊 Входни данни'!B22)^5-1) | F37: ='📊 Входни данни'!B8*((1+'📊 Входни данни'!B22)^5-1)
B38: ОБЩА ПЕЧАЛБА 5 ГОД (€) | C38: =SUM(C35:C37) | D38: =SUM(D35:D37) | E38: =SUM(E35:E37) | F38: =SUM(F35:F37)
B39: ROI 5 ГОДИНИ (%) | C39: =C38/C18 | D39: =D38/D18 | E39: =E38/E18 | F39: =F38/F18

Sheet 📋 Детайлен план
B2: ДЕТАЙЛЕН АМОРТИЗАЦИОНЕН ПЛАН
B3: Изберете вариант за симулация: | D3: Вариант 2
B4: (Променете в клетка D3: Вариант 1, Вариант 2, Вариант 3, или Вариант 4)
B6: ПАРАМЕТРИ НА ИЗБРАНИЯ ВАРИАНТ
B8: Цена имот: | C8: ='📊 Входни данни'!B8
B9: Самоучастие %: | C9: =INDEX('📊 Входни данни'!C28:C31,MATCH(D3,'📊 Входни данни'!B28:B31,0))
B10: Самоучастие €: | C10: =C8*C9
B11: Кредит €: | C11: =C8-C10
B12: Лихва %: | C12: =INDEX('📊 Входни данни'!D28:D31,MATCH(D3,'📊 Входни данни'!B28:B31,0))
B13: Срок: | C13: ='📊 Входни данни'!B12
B14: Месечна вноска: | C14: =-PMT(C12/12,C13*12,C11)
B17: АМОРТИЗАЦИОНЕН ПЛАН (ПЪРВИ 24 МЕСЕЦА)
B19: Месец | C19: Вноска | D19: Лихва | E19: Главница | F19: Остатък | G19: Кум. Главница | H19: Кум. Лихва
B20: 1 | C20: =$C$14 | D20: =$C$11*$C$12/12 | E20: =C20-D20 | F20: =$C$11-E20 | G20: =0+E20 | H20: =0+D20
B21: 2 | C21: =$C$14 | D21: =F20*$C$12/12 | E21: =C21-D21 | F21: =F20-E21 | G21: =G20+E21 | H21: =H20+D21
B22: 3 | C22: =$C$14 | D22: =F21*$C$12/12 | E22: =C22-D22 | F22: =F21-E22 | G22: =G21+E22 | H22: =H21+D22
B23: 4 | C23: =$C$14 | D23: =F22*$C$12/12 | E23: =C23-D23 | F23: =F22-E23 | G23: =G22+E23 | H23: =H22+D23
B24: 5 | C24: =$C$14 | D24: =F23*$C$12/12 | E24: =C24-D24 | F24: =F23-E24 | G24: =G23+E24 | H24: =H23+D24
B25: 6 | C25: =$C$14 | D25: =F24*$C$12/12 | E25: =C25-D25 | F25: =F24-E25 | G25: =G24+E25 | H25: =H24+D25
B26: 7 | C26: =$C$14 | D26: =F25*$C$12/12 | E26: =C26-D26 | F26: =F25-E26 | G26: =G25+E26 | H26: =H25+D26
B27: 8 | C27: =$C$14 | D27: =F26*$C$12/12 | E27: =C27-D27 | F27: =F26-E27 | G27: =G26+E27 | H27: =H26+D27
B28: 9 | C28: =$C$14 | D28: =F27*$C$12/12 | E28: =C28-D28 | F28: =F27-E28 | G28: =G27+E28 | H28: =H27+D28
B29: 10 | C29: =$C$14 | D29: =F28*$C$12/12 | E29: =C29-D29 | F29: =F28-E29 | G29: =G28+E29 | H29: =H28+D29
B30: 11 | C30: =$C$14 | D30: =F29*$C$12/12 | E30: =C30-D30 | F30: =F29-E30 | G30: =G29+E30 | H30: =H29+D30
B31: 12 | C31: =$C$14 | D31: =F30*$C$12/12 | E31: =C31-D31 | F31: =F30-E31 | G31: =G30+E31 | H31: =H30+D31
B32: 13 | C32: =$C$14 | D32: =F31*$C$12/12 | E32: =C32-D32 | F32: =F31-E32 | G32: =G31+E32 | H32: =H31+D32
... B43: 24 | C43: =$C$14 | D43: =F42*$C$12/12 | E43: =C43-D43 | F43: =F42-E43 | G43: =G42+E43 | H43: =H42+D43

Sheet 💰 ROI Анализ
B2: ROI АНАЛИЗ С ЛЕВЪРИДЖ
B3: Сравнение на възвръщаемостта на инвестицията
B5: ПОКАЗАТЕЛ | C5: Вариант 1 15% | D5: Вариант 2 20% | E5: Вариант 3 25% | F5: Вариант 4 30%
B6: Необходим капитал (€) | C6: ='📈 Сравнение'!C18 | D6: ='📈 Сравнение'!D18 | E6: ='📈 Сравнение'!E18 | F6: ='📈 Сравнение'!F18
B7: ROI Година 1 (%) | C7: ='📈 Сравнение'!C34 | D7: ='📈 Сравнение'!D34 | E7: ='📈 Сравнение'!E34 | F7: ='📈 Сравнение'!F34
B8: ROI 5 Години (%) | C8: ='📈 Сравнение'!C40 | D8: ='📈 Сравнение'!D40 | E8: ='📈 Сравнение'!E40 | F8: ='📈 Сравнение'!F40
B9: Паричен поток/мес (€) | C9: ='📈 Сравнение'!C25 | D9: ='📈 Сравнение'!D25 | E9: ='📈 Сравнение'!E25 | F9: ='📈 Сравнение'!F25
B10: Левъридж коефициент | C10: =1/('📊 Входни данни'!C28) | D10: =1/('📊 Входни данни'!C29) | E10: =1/('📊 Входни данни'!C30) | F10: =1/('📊 Входни данни'!C31)
B13: ИНТЕРПРЕТАЦИЯ
B14: КЛЮЧОВИ ИЗВОДИ: ✓ По-висок левъридж = по-висок ROI, НО по-висок риск ✓ Препоръчително за повечето: Вариант 2 или 3 (20-25%) ✓ Положителен паричен поток е задължителен ✓ ROI над 25% годишно е отличен резултат ЛЕВЪРИДЖ КОЕФИЦИЕНТ: - 6.7x (15%) = Агресивен - 5.0x (20%) = Балансиран - 4.0x (25%) = Консервативен - 3.3x (30%) = Много консервативен
