Workbook

Sheet 📊 ТАБЛО
A1: 🏠 УПРАВЛЕНИЕ НА ИМОТЕН ПОРТФЕЙЛ
A2: Табло с обобщена информация — обновява се автоматично от останалите листа
A4: БРОЙ ИМОТИ | C4: НАЕТИ ИМОТИ | E4: СВОБОДНИ ИМОТИ | G4: МЕСЕЧЕН НАЕМ (лв.) | I4: ГОДИШЕН НАЕМ (лв.) | K4: ДЕПОЗИТИ (лв.)
A5: =COUNTA(ИМОТИ!B5:B54)-COUNTIF(ИМОТИ!B5:B54,"") | C5: =COUNTIF(НАЕМАТЕЛИ!H5:H54,"Активен") | E5: =COUNTA(ИМОТИ!B5:B54)-COUNTIF(ИМОТИ!B5:B54,"")-COUNTIF(НАЕМАТЕЛИ!H5:H54,"Активен") | G5: =SUMIF(НАЕМАТЕЛИ!H5:H54,"Активен",НАЕМАТЕЛИ!F5:F54) | I5: =SUMIF(НАЕМАТЕЛИ!H5:H54,"Активен",НАЕМАТЕЛИ!F5:F54)*12 | K5: =SUMIF(НАЕМАТЕЛИ!H5:H54,"Активен",НАЕМАТЕЛИ!G5:G54)
A8: СПИСЪК НА ИМОТИТЕ — БЪРЗ ПРЕГЛЕД
A9: КОД | B9: АДРЕС | C9: ГР. | D9: m² | E9: НАЕМАТЕЛ | F9: НАЕМ (лв.) | G9: ДЕПОЗИТ (лв.) | H9: ДОГОВОР ДО | I9: СТАТУС | J9: ПОСЛЕДНО ПЛАЩАНЕ | K9: БЕЛЕЖКИ | L9: #
A10: =IFERROR(ИМОТИ!B5,"") | B10: =IFERROR(ИМОТИ!C5&", "&ИМОТИ!D5,"") | C10: =IFERROR(ИМОТИ!E5,"") | D10: =IFERROR(ИМОТИ!F5,"") | E10: =IFERROR(НАЕМАТЕЛИ!C5,"") | F10: =IFERROR(НАЕМАТЕЛИ!F5,"") | G10: =IFERROR(НАЕМАТЕЛИ!G5,"") | H10: =IFERROR(НАЕМАТЕЛИ!E5,"") | I10: =IFERROR(НАЕМАТЕЛИ!H5,"") | J10: =IFERROR(НАЕМАТЕЛИ!I5,"") | L10: 1
A11: =IFERROR(ИМОТИ!B6,"") | B11: =IFERROR(ИМОТИ!C6&", "&ИМОТИ!D6,"") | C11: =IFERROR(ИМОТИ!E6,"") | D11: =IFERROR(ИМОТИ!F6,"") | E11: =IFERROR(НАЕМАТЕЛИ!C6,"") | F11: =IFERROR(НАЕМАТЕЛИ!F6,"") | G11: =IFERROR(НАЕМАТЕЛИ!G6,"") | H11: =IFERROR(НАЕМАТЕЛИ!E6,"") | I11: =IFERROR(НАЕМАТЕЛИ!H6,"") | J11: =IFERROR(НАЕМАТЕЛИ!I6,"") | L11: 2
A12: =IFERROR(ИМОТИ!B7,"") | B12: =IFERROR(ИМОТИ!C7&", "&ИМОТИ!D7,"") | C12: =IFERROR(ИМОТИ!E7,"") | D12: =IFERROR(ИМОТИ!F7,"") | E12: =IFERROR(НАЕМАТЕЛИ!C7,"") | F12: =IFERROR(НАЕМАТЕЛИ!F7,"") | G12: =IFERROR(НАЕМАТЕЛИ!G7,"") | H12: =IFERROR(НАЕМАТЕЛИ!E7,"") | I12: =IFERROR(НАЕМАТЕЛИ!H7,"") | J12: =IFERROR(НАЕМАТЕЛИ!I7,"") | L12: 3
A13: =IFERROR(ИМОТИ!B8,"") | B13: =IFERROR(ИМОТИ!C8&", "&ИМОТИ!D8,"") | C13: =IFERROR(ИМОТИ!E8,"") | D13: =IFERROR(ИМОТИ!F8,"") | E13: =IFERROR(НАЕМАТЕЛИ!C8,"") | F13: =IFERROR(НАЕМАТЕЛИ!F8,"") | G13: =IFERROR(НАЕМАТЕЛИ!G8,"") | H13: =IFERROR(НАЕМАТЕЛИ!E8,"") | I13: =IFERROR(НАЕМАТЕЛИ!H8,"") | J13: =IFERROR(НАЕМАТЕЛИ!I8,"") | L13: 4
A14: =IFERROR(ИМОТИ!B9,"") | B14: =IFERROR(ИМОТИ!C9&", "&ИМОТИ!D9,"") | C14: =IFERROR(ИМОТИ!E9,"") | D14: =IFERROR(ИМОТИ!F9,"") | E14: =IFERROR(НАЕМАТЕЛИ!C9,"") | F14: =IFERROR(НАЕМАТЕЛИ!F9,"") | G14: =IFERROR(НАЕМАТЕЛИ!G9,"") | H14: =IFERROR(НАЕМАТЕЛИ!E9,"") | I14: =IFERROR(НАЕМАТЕЛИ!H9,"") | J14: =IFERROR(НАЕМАТЕЛИ!I9,"") | L14: 5
A15: =IFERROR(ИМОТИ!B10,"") | B15: =IFERROR(ИМОТИ!C10&", "&ИМОТИ!D10,"") | C15: =IFERROR(ИМОТИ!E10,"") | D15: =IFERROR(ИМОТИ!F10,"") | E15: =IFERROR(НАЕМАТЕЛИ!C10,"") | F15: =IFERROR(НАЕМАТЕЛИ!F10,"") | G15: =IFERROR(НАЕМАТЕЛИ!G10,"") | H15: =IFERROR(НАЕМАТЕЛИ!E10,"") | I15: =IFERROR(НАЕМАТЕЛИ!H10,"") | J15: =IFERROR(НАЕМАТЕЛИ!I10,"") | L15: 6
A16: =IFERROR(ИМОТИ!B11,"") | B16: =IFERROR(ИМОТИ!C11&", "&ИМОТИ!D11,"") | C16: =IFERROR(ИМОТИ!E11,"") | D16: =IFERROR(ИМОТИ!F11,"") | E16: =IFERROR(НАЕМАТЕЛИ!C11,"") | F16: =IFERROR(НАЕМАТЕЛИ!F11,"") | G16: =IFERROR(НАЕМАТЕЛИ!G11,"") | H16: =IFERROR(НАЕМАТЕЛИ!E11,"") | I16: =IFERROR(НАЕМАТЕЛИ!H11,"") | J16: =IFERROR(НАЕМАТЕЛИ!I11,"") | L16: 7
A17: =IFERROR(ИМОТИ!B12,"") | B17: =IFERROR(ИМОТИ!C12&", "&ИМОТИ!D12,"") | C17: =IFERROR(ИМОТИ!E12,"") | D17: =IFERROR(ИМОТИ!F12,"") | E17: =IFERROR(НАЕМАТЕЛИ!C12,"") | F17: =IFERROR(НАЕМАТЕЛИ!F12,"") | G17: =IFERROR(НАЕМАТЕЛИ!G12,"") | H17: =IFERROR(НАЕМАТЕЛИ!E12,"") | I17: =IFERROR(НАЕМАТЕЛИ!H12,"") | J17: =IFERROR(НАЕМАТЕЛИ!I12,"") | L17: 8
A18: =IFERROR(ИМОТИ!B13,"") | B18: =IFERROR(ИМОТИ!C13&", "&ИМОТИ!D13,"") | C18: =IFERROR(ИМОТИ!E13,"") | D18: =IFERROR(ИМОТИ!F13,"") | E18: =IFERROR(НАЕМАТЕЛИ!C13,"") | F18: =IFERROR(НАЕМАТЕЛИ!F13,"") | G18: =IFERROR(НАЕМАТЕЛИ!G13,"") | H18: =IFERROR(НАЕМАТЕЛИ!E13,"") | I18: =IFERROR(НАЕМАТЕЛИ!H13,"") | J18: =IFERROR(НАЕМАТЕЛИ!I13,"") | L18: 9
A19: =IFERROR(ИМОТИ!B14,"") | B19: =IFERROR(ИМОТИ!C14&", "&ИМОТИ!D14,"") | C19: =IFERROR(ИМОТИ!E14,"") | D19: =IFERROR(ИМОТИ!F14,"") | E19: =IFERROR(НАЕМАТЕЛИ!C14,"") | F19: =IFERROR(НАЕМАТЕЛИ!F14,"") | G19: =IFERROR(НАЕМАТЕЛИ!G14,"") | H19: =IFERROR(НАЕМАТЕЛИ!E14,"") | I19: =IFERROR(НАЕМАТЕЛИ!H14,"") | J19: =IFERROR(НАЕМАТЕЛИ!I14,"") | L19: 10
A20: =IFERROR(ИМОТИ!B15,"") | B20: =IFERROR(ИМОТИ!C15&", "&ИМОТИ!D15,"") | C20: =IFERROR(ИМОТИ!E15,"") | D20: =IFERROR(ИМОТИ!F15,"") | E20: =IFERROR(НАЕМАТЕЛИ!C15,"") | F20: =IFERROR(НАЕМАТЕЛИ!F15,"") | G20: =IFERROR(НАЕМАТЕЛИ!G15,"") | H20: =IFERROR(НАЕМАТЕЛИ!E15,"") | I20: =IFERROR(НАЕМАТЕЛИ!H15,"") | J20: =IFERROR(НАЕМАТЕЛИ!I15,"") | L20: 11
A21: =IFERROR(ИМОТИ!B16,"") | B21: =IFERROR(ИМОТИ!C16&", "&ИМОТИ!D16,"") | C21: =IFERROR(ИМОТИ!E16,"") | D21: =IFERROR(ИМОТИ!F16,"") | E21: =IFERROR(НАЕМАТЕЛИ!C16,"") | F21: =IFERROR(НАЕМАТЕЛИ!F16,"") | G21: =IFERROR(НАЕМАТЕЛИ!G16,"") | H21: =IFERROR(НАЕМАТЕЛИ!E16,"") | I21: =IFERROR(НАЕМАТЕЛИ!H16,"") | J21: =IFERROR(НАЕМАТЕЛИ!I16,"") | L21: 12
... A24: =IFERROR(ИМОТИ!B19,"") | B24: =IFERROR(ИМОТИ!C19&", "&ИМОТИ!D19,"") | C24: =IFERROR(ИМОТИ!E19,"") | D24: =IFERROR(ИМОТИ!F19,"") | E24: =IFERROR(НАЕМАТЕЛИ!C19,"") | F24: =IFERROR(НАЕМАТЕЛИ!F19,"") | G24: =IFERROR(НАЕМАТЕЛИ!G19,"") | H24: =IFERROR(НАЕМАТЕЛИ!E19,"") | I24: =IFERROR(НАЕМАТЕЛИ!H19,"") | J24: =IFERROR(НАЕМАТЕЛИ!I19,"") | L24: 15

Sheet 🏠 ИМОТИ
A1: 🏠 РЕГИСТЪР НА ИМОТИТЕ
A3: ОСНОВНИ ДАННИ ЗА ИМОТА
A4: КОД ИМОТ | B4: ИДЕНТ. КОД (напр. AP-01) | C4: АДРЕС (улица, №) | D4: ГР./КВ. | E4: ЕТАЖ | F4: m² | G4: СТАИ | H4: ТИП (ап./къща/офис) | I4: ПОКУПНА ЦЕНА (лв.) | J4: ДАТА ПОКУПКА | K4: ИПОТЕКА ДА/НЕ | L4: БАНКА ИПОТЕКА | M4: ОСТАТЪК ИПОТ. (лв.) | N4: ВНОСКА/МЕС (лв.) | O4: ДАНЪК ИМОТ (лв./г.) | P4: ТАКСА СМЕТ (лв./г.) | Q4: НОТАРИУС/ ДОК-ТИ | R4: БЕЛЕЖКИ
A5: 1
A6: 2
A7: 3
A8: 4
A9: 5
A10: 6
A11: 7
A12: 8
A13: 9
A14: 10
A15: 11
A16: 12
... A54: 50

Sheet ⚡ ПАРТИДИ
A1: ⚡ ПАРТИДИ И КОМУНАЛНИ УСЛУГИ
A3: РЕГИСТЪР НА ПАРТИДИТЕ ПО ИМОТ
A4: # | B4: КОД ИМОТ | C4: АДРЕС | D4: УСЛУГА (ток/вода/газ...) | E4: ДОСТАВЧИК | F4: НОМЕР ПАРТИДА | G4: АБОНАТЕН НОМЕР | H4: КЛИЕНТСКИ НОМЕР | I4: ИМЕ НА АБОНАТА | J4: ЕГН/БУЛСТАТ АБОНАТ | K4: ТЕЛЕФОН ДОСТАВЧИК | L4: EMAIL / МИКРО-САЙТ | M4: НАЧИН ПЛАЩАНЕ | N4: ДАТА ПРЕРЕГ. | O4: РЕДОВНА СМЯНА (г.) | P4: БЕЛЕЖКИ
A5: 1
A6: 2
A7: 3
A8: 4
A9: 5
A10: 6
A11: 7
A12: 8
A13: 9
A14: 10
A15: 11
A16: 12
... A64: 60
A67: ВИДОВЕ УСЛУГИ — РЕФЕРЕНТЕН СПИСЪК
A68: ТОК | B68: ВОДА | C68: ПАРНО | D68: ГАЗ | E68: ИНТЕРНЕТ | F68: КАБЕЛНА ТВ | G68: ДОМОФОН/СОТ | H68: АСАНСЬОР | I68: ТАКСА ВХОД

Sheet 👤 НАЕМАТЕЛИ
A1: 👤 РЕГИСТЪР НА НАЕМАТЕЛИТЕ
A3: ДАННИ ЗА НАЕМАТЕЛЯ И ДОГОВОРА
A4: # | B4: КОД ИМОТ | C4: ИМЕ И ФАМИЛИЯ | D4: ЕГН | E4: ДАТА ОТ | F4: МЕСЕЧЕН НАЕМ (лв.) | G4: ДЕПОЗИТ (лв.) | H4: СТАТУС | I4: ПОСЛЕДНО ПЛАЩАНЕ | J4: ТЕЛЕФОН | K4: EMAIL | L4: ЕГН / ЛИЧНА КАРТА № | M4: ПОСТОЯНЕН АДРЕС | N4: СРОК ДОГОВОР (мес) | O4: ДАТА ДО | P4: НАЧИН ПЛАЩАНЕ | Q4: ДЕПОЗИТ ВЪЗСТАНОВЕН | R4: ДАТА НАПУСКАНЕ | S4: БЕЛЕЖКИ
A5: 1 | O5: =IF(AND(E5<>"",N5<>""),DATE(YEAR(E5),MONTH(E5)+N5,DAY(E5)-1),"")
A6: 2 | O6: =IF(AND(E6<>"",N6<>""),DATE(YEAR(E6),MONTH(E6)+N6,DAY(E6)-1),"")
A7: 3 | O7: =IF(AND(E7<>"",N7<>""),DATE(YEAR(E7),MONTH(E7)+N7,DAY(E7)-1),"")
A8: 4 | O8: =IF(AND(E8<>"",N8<>""),DATE(YEAR(E8),MONTH(E8)+N8,DAY(E8)-1),"")
A9: 5 | O9: =IF(AND(E9<>"",N9<>""),DATE(YEAR(E9),MONTH(E9)+N9,DAY(E9)-1),"")
A10: 6 | O10: =IF(AND(E10<>"",N10<>""),DATE(YEAR(E10),MONTH(E10)+N10,DAY(E10)-1),"")
A11: 7 | O11: =IF(AND(E11<>"",N11<>""),DATE(YEAR(E11),MONTH(E11)+N11,DAY(E11)-1),"")
A12: 8 | O12: =IF(AND(E12<>"",N12<>""),DATE(YEAR(E12),MONTH(E12)+N12,DAY(E12)-1),"")
A13: 9 | O13: =IF(AND(E13<>"",N13<>""),DATE(YEAR(E13),MONTH(E13)+N13,DAY(E13)-1),"")
A14: 10 | O14: =IF(AND(E14<>"",N14<>""),DATE(YEAR(E14),MONTH(E14)+N14,DAY(E14)-1),"")
A15: 11 | O15: =IF(AND(E15<>"",N15<>""),DATE(YEAR(E15),MONTH(E15)+N15,DAY(E15)-1),"")
A16: 12 | O16: =IF(AND(E16<>"",N16<>""),DATE(YEAR(E16),MONTH(E16)+N16,DAY(E16)-1),"")
... A54: 50 | O54: =IF(AND(E54<>"",N54<>""),DATE(YEAR(E54),MONTH(E54)+N54,DAY(E54)-1),"")

Sheet 💰 ПЛАЩАНИЯ
A1: 💰 МЕСЕЧЕН TRACKER НА ПЛАЩАНИЯ
A3: ИСТОРИЯ НА ПЛАЩАНИЯТА — ИМОТ / НАЕМАТЕЛ / МЕС
A4: # | B4: КОД ИМОТ | C4: НАЕМАТЕЛ | D4: ЗА МЕСЕЦ (MM.YYYY) | E4: ДАТА ПЛАЩАНЕ | F4: СУМА (лв.) | G4: НАЕМ (лв.) | H4: ТОК (лв.) | I4: ВОДА (лв.) | J4: ПАРНО (лв.) | K4: ИНТЕРНЕТ (лв.) | L4: ТАКСА ВХОД (лв.) | M4: ДРУГИ ТАКСИ (лв.) | N4: НАЧИН ПЛАЩАНЕ | O4: СТАТУС | P4: ИМА ЗАБАВЯНЕ | Q4: БЕЛЕЖКИ
A5: 1 | F5: =SUM(G5:M5)
A6: 2 | F6: =SUM(G6:M6)
A7: 3 | F7: =SUM(G7:M7)
A8: 4 | F8: =SUM(G8:M8)
A9: 5 | F9: =SUM(G9:M9)
A10: 6 | F10: =SUM(G10:M10)
A11: 7 | F11: =SUM(G11:M11)
A12: 8 | F12: =SUM(G12:M12)
A13: 9 | F13: =SUM(G13:M13)
A14: 10 | F14: =SUM(G14:M14)
A15: 11 | F15: =SUM(G15:M15)
A16: 12 | F16: =SUM(G16:M16)
... A204: 200 | F204: =SUM(G204:M204)

Sheet 🔧 РЕМОНТИ
A1: 🔧 ЖУРНАЛ РЕМОНТИ & ПОДДРЪЖКА
A3: ИСТОРИЯ НА РЕМОНТИТЕ, РАЗХОДИТЕ И ИЗПЪЛНИТЕЛИТЕ
A4: # | B4: КОД ИМОТ | C4: ДАТА | D4: КАТЕГОРИЯ (ел./ВиК/обз.) | E4: ОПИСАНИЕ НА ПРОБЛЕМА | F4: ИЗПЪЛНИТЕЛ/ МАЙСТОР | G4: ТЕЛЕФОН | H4: ОФЕРТА (лв.) | I4: ПЛАТЕНО (лв.) | J4: ДАТА ПЛАЩАНЕ | K4: ФАКТУРА /КАСОВА БЕЛ. | L4: ПЛАЩА (наем./собств.) | M4: ГАРАНЦИЯ ДО | N4: БЕЛЕЖКИ
A5: 1
A6: 2
A7: 3
A8: 4
A9: 5
A10: 6
A11: 7
A12: 8
A13: 9
A14: 10
A15: 11
A16: 12
... A154: 150
A155: ОБЩО РАЗХОДИ ЗА РЕМОНТИ: | H155: =SUM(H5:H154) | I155: =SUM(I5:I154)

Sheet 📋 ЗАСТРАХОВКИ
A1: 📋 ЗАСТРАХОВКИ & ВАЖНИ ДОКУМЕНТИ
A3: ЗАСТРАХОВКИ НА ИМОТИТЕ
A4: # | B4: КОД ИМОТ | C4: ВИД ЗАСТРАХОВКА | D4: ЗАСТРАХО- ВАТЕЛ | E4: ПОЛИЦА № | F4: ПОКРИТА СУМА (лв.) | G4: ГОДИШНА ПРЕМИЯ (лв.) | H4: ДАТА СКЛЮЧВАНЕ | I4: ДАТА ИЗТИЧАНЕ | J4: АГЕНТ ТЕЛЕФОН | K4: АВТО- ПОДНОВЯВАНЕ | L4: СТАТУС | M4: БЕЛЕЖКИ
A5: 1
A6: 2
A7: 3
A8: 4
A9: 5
A10: 6
A11: 7
A12: 8
A13: 9
A14: 10
A15: 11
A16: 12
... A54: 50
A58: ВАЖНИ ДОКУМЕНТИ ПО ИМОТ
A59: # | B59: КОД ИМОТ | C59: ВИД ДОКУМЕНТ | D59: НОМЕР / РЕФЕРЕНЦИЯ | E59: ИЗДАДЕН ОТ | F59: ДАТА ИЗДАВАНЕ | G59: ДАТА ИЗТИЧАНЕ | H59: ОРИГИНАЛ ПРИ | I59: СКАНИРАН (ДА/НЕ) | J59: НОТАРИУС | K59: БЕЛЕЖКИ
A60: 1
A61: 2
A62: 3
A63: 4
A64: 5
A65: 6
A66: 7
A67: 8
A68: 9
A69: 10
A70: 11
A71: 12
... A89: 30

Sheet 📈 ФИНАНСИ
A1: 📈 ФИНАНСОВО РЕЗЮМЕ ПО ИМОТ — ГОДИШНО
A3: ПРИХОДИ, РАЗХОДИ И НЕТНА ДОХОДНОСТ ПО ИМОТ
A4: # | B4: КОД ИМОТ | C4: АДРЕС | D4: ПОКУПНА ЦЕНА (лв.) | E4: ГОД. НАЕМ БРУТО (лв.) | F4: ГОД. ИПОТ. ВНОСКИ (лв.) | G4: ГОД. ДАНЪК ИМОТ (лв.) | H4: ГОД. РЕМОНТИ (лв.) | I4: ГОД. ЗАСТР. (лв.) | J4: ТАКСИ/ОБЩИ РАЗХОДИ (лв.) | K4: ОБЩО РАЗХОДИ (лв.) | L4: НЕТЕН ДОХОД (лв.) | M4: ДОХОДНОСТ БРУТО % | N4: ДОХОДНОСТ НЕТО %
A5: 1 | B5: =IFERROR('🏠 ИМОТИ'!B5,"") | C5: =IFERROR('🏠 ИМОТИ'!C5,"") | D5: =IFERROR('🏠 ИМОТИ'!I5,"") | K5: =SUM(F5:J5) | L5: =E5-K5 | M5: =IF(D5>0,E5/D5*100,"") | N5: =IF(D5>0,L5/D5*100,"")
A6: 2 | B6: =IFERROR('🏠 ИМОТИ'!B6,"") | C6: =IFERROR('🏠 ИМОТИ'!C6,"") | D6: =IFERROR('🏠 ИМОТИ'!I6,"") | K6: =SUM(F6:J6) | L6: =E6-K6 | M6: =IF(D6>0,E6/D6*100,"") | N6: =IF(D6>0,L6/D6*100,"")
A7: 3 | B7: =IFERROR('🏠 ИМОТИ'!B7,"") | C7: =IFERROR('🏠 ИМОТИ'!C7,"") | D7: =IFERROR('🏠 ИМОТИ'!I7,"") | K7: =SUM(F7:J7) | L7: =E7-K7 | M7: =IF(D7>0,E7/D7*100,"") | N7: =IF(D7>0,L7/D7*100,"")
A8: 4 | B8: =IFERROR('🏠 ИМОТИ'!B8,"") | C8: =IFERROR('🏠 ИМОТИ'!C8,"") | D8: =IFERROR('🏠 ИМОТИ'!I8,"") | K8: =SUM(F8:J8) | L8: =E8-K8 | M8: =IF(D8>0,E8/D8*100,"") | N8: =IF(D8>0,L8/D8*100,"")
A9: 5 | B9: =IFERROR('🏠 ИМОТИ'!B9,"") | C9: =IFERROR('🏠 ИМОТИ'!C9,"") | D9: =IFERROR('🏠 ИМОТИ'!I9,"") | K9: =SUM(F9:J9) | L9: =E9-K9 | M9: =IF(D9>0,E9/D9*100,"") | N9: =IF(D9>0,L9/D9*100,"")
A10: 6 | B10: =IFERROR('🏠 ИМОТИ'!B10,"") | C10: =IFERROR('🏠 ИМОТИ'!C10,"") | D10: =IFERROR('🏠 ИМОТИ'!I10,"") | K10: =SUM(F10:J10) | L10: =E10-K10 | M10: =IF(D10>0,E10/D10*100,"") | N10: =IF(D10>0,L10/D10*100,"")
A11: 7 | B11: =IFERROR('🏠 ИМОТИ'!B11,"") | C11: =IFERROR('🏠 ИМОТИ'!C11,"") | D11: =IFERROR('🏠 ИМОТИ'!I11,"") | K11: =SUM(F11:J11) | L11: =E11-K11 | M11: =IF(D11>0,E11/D11*100,"") | N11: =IF(D11>0,L11/D11*100,"")
A12: 8 | B12: =IFERROR('🏠 ИМОТИ'!B12,"") | C12: =IFERROR('🏠 ИМОТИ'!C12,"") | D12: =IFERROR('🏠 ИМОТИ'!I12,"") | K12: =SUM(F12:J12) | L12: =E12-K12 | M12: =IF(D12>0,E12/D12*100,"") | N12: =IF(D12>0,L12/D12*100,"")
A13: 9 | B13: =IFERROR('🏠 ИМОТИ'!B13,"") | C13: =IFERROR('🏠 ИМОТИ'!C13,"") | D13: =IFERROR('🏠 ИМОТИ'!I13,"") | K13: =SUM(F13:J13) | L13: =E13-K13 | M13: =IF(D13>0,E13/D13*100,"") | N13: =IF(D13>0,L13/D13*100,"")
A14: 10 | B14: =IFERROR('🏠 ИМОТИ'!B14,"") | C14: =IFERROR('🏠 ИМОТИ'!C14,"") | D14: =IFERROR('🏠 ИМОТИ'!I14,"") | K14: =SUM(F14:J14) | L14: =E14-K14 | M14: =IF(D14>0,E14/D14*100,"") | N14: =IF(D14>0,L14/D14*100,"")
A15: 11 | B15: =IFERROR('🏠 ИМОТИ'!B15,"") | C15: =IFERROR('🏠 ИМОТИ'!C15,"") | D15: =IFERROR('🏠 ИМОТИ'!I15,"") | K15: =SUM(F15:J15) | L15: =E15-K15 | M15: =IF(D15>0,E15/D15*100,"") | N15: =IF(D15>0,L15/D15*100,"")
A16: 12 | B16: =IFERROR('🏠 ИМОТИ'!B16,"") | C16: =IFERROR('🏠 ИМОТИ'!C16,"") | D16: =IFERROR('🏠 ИМОТИ'!I16,"") | K16: =SUM(F16:J16) | L16: =E16-K16 | M16: =IF(D16>0,E16/D16*100,"") | N16: =IF(D16>0,L16/D16*100,"")
... A54: 50 | B54: =IFERROR('🏠 ИМОТИ'!B54,"") | C54: =IFERROR('🏠 ИМОТИ'!C54,"") | D54: =IFERROR('🏠 ИМОТИ'!I54,"") | K54: =SUM(F54:J54) | L54: =E54-K54 | M54: =IF(D54>0,E54/D54*100,"") | N54: =IF(D54>0,L54/D54*100,"")
A56: ОБЩО ПОРТФЕЙЛ: | D56: =SUM(D5:D55) | E56: =SUM(E5:E55) | K56: =SUM(K5:K55) | L56: =SUM(L5:L55)
